"url","pinner_avatar","board_id","pin_url","pin_no","index","batch"
"https://www.pinterest.com/alaiyasmommie94/fitnesshealth/","https://s-media-cache-ak0.pinimg.com/avatars/marinewifey94-1390089947_30.jpg",374,"https://s-media-cache-ak0.pinimg.com/236x/05/d0/eb/05d0eba1817fec0c3390aec853cc47fa.jpg","488640628293696000",1584,8
"https://www.pinterest.com/kaitlincarmont/health/",NA,356,"https://s-media-cache-ak0.pinimg.com/236x/32/7a/d0/327ad0fbf32945eaff5bc95203c46051.jpg","212935888602458001",1497,8
"https://www.pinterest.com/lmb2630/health/","https://s-media-cache-ak0.pinimg.com/avatars/lmb2630-19_30.jpg",363,"https://s-media-cache-ak0.pinimg.com/236x/bf/ed/ca/bfedca1201240a83cd7c2b652936eca6.jpg","143270831867020258",1531,8
"https://www.pinterest.com/nocturnal10/health/","https://s-media-cache-ak0.pinimg.com/avatars/nocturnal10_1365653649_30.jpg",375,"https://s-media-cache-ak0.pinimg.com/236x/d3/90/4b/d3904ba22ca364c24d456cb9835e1f52.jpg","405394403935583575",1587,8
"https://www.pinterest.com/babimarti/health/","https://s-media-cache-ak0.pinimg.com/avatars/babimarti_1366365622_30.jpg",353,"https://s-media-cache-ak0.pinimg.com/236x/30/21/39/302139585e2291a6126752ffa953cc20.jpg","39125090485421524",1489,8
"https://www.pinterest.com/ava0412/health/","https://s-media-cache-ak0.pinimg.com/avatars/ava0412_1329554808_30.jpg",337,"https://s-media-cache-ak0.pinimg.com/236x/d9/37/a4/d937a45212a7537005b08f5a1309d1ac.jpg","47358233553466698",1408,8
"https://www.pinterest.com/megan5714/health/",NA,358,"https://s-media-cache-ak0.pinimg.com/236x/ea/16/85/ea1685ad1e5cf91db81ba4b1b699503c.jpg","AaPOLkqquCILD59KzhOL6cVBCrz_5Ax1MjUH2PwFY8HIZ36wlJPR74MfKXOcpsHZ0g",1510,8
"https://www.pinterest.com/megan5714/health/",NA,358,"https://s-media-cache-ak0.pinimg.com/236x/aa/03/38/aa0338472949afbc08b66bb17bb96556.jpg","314055773985375907",1506,8
"https://www.pinterest.com/nocturnal10/health/","https://s-media-cache-ak0.pinimg.com/avatars/nocturnal10_1365653649_30.jpg",375,"https://s-media-cache-ak0.pinimg.com/236x/dc/82/33/dc8233e5119d9fd33580bcfb89532943.jpg","9499849190555343",1588,8
"https://www.pinterest.com/petroskymom/health/","https://s-media-cache-ak0.pinimg.com/avatars/petroskymom_1329763047_30.jpg",367,"https://s-media-cache-ak0.pinimg.com/236x/f4/0c/6a/f40c6aeb9ad7eb69302e23b205892330.jpg","67765169367509327",1554,8
"https://www.pinterest.com/yvonnemontez221/health/",NA,359,"https://s-media-cache-ak0.pinimg.com/236x/25/dd/a6/25dda6ed86c17e24d6210aa0ca6cdb70.jpg","379076493611277122",1511,8
"https://www.pinterest.com/kaitlincarmont/health/",NA,356,"https://s-media-cache-ak0.pinimg.com/236x/12/bd/a6/12bda603f150e70c6a0b677245204517.jpg","53972895506686263",1500,8
"https://www.pinterest.com/kaitlincarmont/health/",NA,356,"https://s-media-cache-ak0.pinimg.com/236x/de/66/23/de6623628ed906f71acd670c4313172a.jpg","513551163728633639",1499,8
"https://www.pinterest.com/chely8183/health/","https://s-media-cache-ak0.pinimg.com/avatars/chely8183-1374747508_30.jpg",349,"https://s-media-cache-ak0.pinimg.com/236x/c0/33/87/c03387ed54c1f704bd1acf627304f558.jpg","209347082649702264",1466,8
"https://www.pinterest.com/indiagail/fitnesshealth/","https://s-media-cache-ak0.pinimg.com/avatars/indiagail-7_30.jpg",368,"https://s-media-cache-ak0.pinimg.com/236x/fa/18/e9/fa18e9c09ae5caa96636d239e932d55d.jpg","244390717255310510",1557,8
"https://www.pinterest.com/gaye1040/health/",NA,365,"https://s-media-cache-ak0.pinimg.com/236x/65/72/17/657217bd8c6bd43b5b736a23239f45ed.jpg","281826889153321640",1541,8
"https://www.pinterest.com/jdobbins41/health/","https://s-media-cache-ak0.pinimg.com/avatars/jdobbins41_1346356916_30.jpg",339,"https://s-media-cache-ak0.pinimg.com/236x/15/ac/74/15ac742b7181e15d61c1f74c5d58829c.jpg","526358275175105332",1419,8
"https://www.pinterest.com/pulagirl/health/",NA,360,"https://s-media-cache-ak0.pinimg.com/236x/f2/9c/b4/f29cb4d8d2cd0aa71a73a248d05e80a2.jpg","259590365995788560",1518,8
"https://www.pinterest.com/jkyte1/health/",NA,376,"https://s-media-cache-ak0.pinimg.com/236x/b1/98/05/b19805eba58ab519ed20ecf00a32e1b9.jpg","257408934925959260",1593,8
"https://www.pinterest.com/nicolebenja/health/","https://s-media-cache-ak0.pinimg.com/avatars/nicolebenja-1387676300_30.jpg",345,"https://s-media-cache-ak0.pinimg.com/236x/00/61/ed/0061edf4692b4bfc9eabb2baebd2eb1c.jpg","222717144048061331",1448,8
"https://www.pinterest.com/clairedevesty/health/",NA,366,"https://s-media-cache-ak0.pinimg.com/236x/5f/0e/67/5f0e670217a11f1b7045dbf5f90072c5.jpg","53691420530555895",1550,8
"https://www.pinterest.com/hjbtjb/health/","https://s-media-cache-ak0.pinimg.com/avatars/hjbtjb_1330902812_30.jpg",350,"https://s-media-cache-ak0.pinimg.com/236x/72/18/3c/72183cd056a4feab8bd5e819f28215bd.jpg","112027109455107501",1471,8
"https://www.pinterest.com/htwilliams82/health/","https://s-media-cache-ak0.pinimg.com/avatars/htwilliams82_1334663455_30.jpg",344,"https://s-media-cache-ak0.pinimg.com/236x/61/d8/10/61d8103bd4fe96c3f85204a07e3fc08b.jpg","254946028875917119",1442,8
"https://www.pinterest.com/melxnie17/health/","https://s-media-cache-ak0.pinimg.com/avatars/Melxnie17_1433636729_30.jpg",340,"https://s-media-cache-ak0.pinimg.com/236x/20/f2/81/20f28137fda6d76939c99bcaa0acf616.jpg","388998486539360307",1425,8
"https://www.pinterest.com/wlp143/health/","https://s-media-cache-ak0.pinimg.com/avatars/wlp143_1337088023_30.jpg",343,"https://s-media-cache-ak0.pinimg.com/236x/cd/d8/05/cdd805c66592a8e63879d67b663b23eb.jpg","255720085064903415",1436,8
"https://www.pinterest.com/janissa11/health/","https://s-media-cache-ak0.pinimg.com/avatars/janissa11_1337064083_30.jpg",361,"https://s-media-cache-ak0.pinimg.com/236x/2a/a5/87/2aa5879c23740efb47a9bf339e1e62dc.jpg","221520875391786905",1523,8
"https://www.pinterest.com/jkyte1/health/",NA,376,"https://s-media-cache-ak0.pinimg.com/236x/be/25/e8/be25e8367272cf9676a58d4c821e73db.jpg","257408934925959260",1592,8
"https://www.pinterest.com/mamacs3/health/","https://s-media-cache-ak0.pinimg.com/avatars/mamacs3_1333462119_30.jpg",347,"https://s-media-cache-ak0.pinimg.com/236x/2a/bf/55/2abf55a8dcf1a2768d4d2c1fe0fd0cec.jpg","80220437088587274",1458,8
"https://www.pinterest.com/saronggoddess/health/","https://s-media-cache-ak0.pinimg.com/avatars/saronggoddess-1361120510_30.jpg",336,"https://s-media-cache-ak0.pinimg.com/236x/54/ad/fe/54adfe6e88ee94dc0bea2419c482ab44.jpg","210402613814855575",1402,8
"https://www.pinterest.com/lmb2630/health/","https://s-media-cache-ak0.pinimg.com/avatars/lmb2630-19_30.jpg",363,"https://s-media-cache-ak0.pinimg.com/236x/8f/b8/9f/8fb89f04b89bfbf99badbaa1c17cd8b7.jpg","213217363579738287",1532,8
"https://www.pinterest.com/hjbtjb/health/","https://s-media-cache-ak0.pinimg.com/avatars/hjbtjb_1330902812_30.jpg",350,"https://s-media-cache-ak0.pinimg.com/236x/7e/27/7f/7e277fab8f369a9ffafdbf2ccce4f265.jpg","AVBuX1wWZbrlHmU9kjBGLyjq2kiihygef5HJJw4WOd7rAEwAINCp_B6THSIddMvu8g",1475,8
"https://www.pinterest.com/hersheylol/health/","https://s-media-cache-ak0.pinimg.com/avatars/hersheylol_1337115139_30.jpg",355,"https://s-media-cache-ak0.pinimg.com/236x/20/75/b0/2075b08e109580ba3399d05d1c06d871.jpg","123497214755989001",1491,8
"https://www.pinterest.com/alaiyasmommie94/fitnesshealth/","https://s-media-cache-ak0.pinimg.com/avatars/marinewifey94-1390089947_30.jpg",374,"https://s-media-cache-ak0.pinimg.com/236x/38/2c/7b/382c7bc1ff547d8d3b949297cf93fbfb.jpg","379217231099316466",1582,8
"https://www.pinterest.com/tcgurl87/health/","https://s-media-cache-ak0.pinimg.com/avatars/tcgurl87_1329784805_30.jpg",341,"https://s-media-cache-ak0.pinimg.com/236x/be/61/8a/be618a0d293ebd7b155a45ff5690f2d4.jpg","212795151117377259",1428,8
"https://www.pinterest.com/gaye1040/health/",NA,365,"https://s-media-cache-ak0.pinimg.com/236x/73/cd/26/73cd268889c139540238ff19aec51ba7.jpg","81205599504001293",1545,8
"https://www.pinterest.com/chely8183/health/","https://s-media-cache-ak0.pinimg.com/avatars/chely8183-1374747508_30.jpg",349,"https://s-media-cache-ak0.pinimg.com/236x/28/75/e2/2875e2670605f35393a711bda8034b98.jpg","54043264253676940",1469,8
"https://www.pinterest.com/wlp143/health/","https://s-media-cache-ak0.pinimg.com/avatars/wlp143_1337088023_30.jpg",343,"https://s-media-cache-ak0.pinimg.com/236x/53/d8/aa/53d8aa196739dbaabd059d70e4e1f7a0.jpg","306667055848835258",1437,8
"https://www.pinterest.com/cheerchick46/health/","https://s-media-cache-ak0.pinimg.com/avatars/cheerchick46-1383966269_30.jpg",351,"https://s-media-cache-ak0.pinimg.com/236x/bb/d6/68/bbd668e3430d998c0f46cea08a09095d.jpg","563231497119402271",1480,8
"https://www.pinterest.com/rova61/health/",NA,370,"https://s-media-cache-ak0.pinimg.com/236x/33/89/51/338951513ad7b2a1d089bfcf392ce090.jpg","441282463458639367",1568,8
"https://www.pinterest.com/saronggoddess/health/","https://s-media-cache-ak0.pinimg.com/avatars/saronggoddess-1361120510_30.jpg",336,"https://s-media-cache-ak0.pinimg.com/236x/ba/7d/dd/ba7ddd4fc9af4e1a870ea04b8160b5ba.jpg","156570524517476874",1401,8
"https://www.pinterest.com/coigreach/health/","https://s-media-cache-ak0.pinimg.com/avatars/coigreach-1416259602_30.jpg",352,"https://s-media-cache-ak0.pinimg.com/236x/7b/e9/51/7be951538b95dc1a5bd186bd9f7fa946.jpg","300826450080583924",1484,8
"https://www.pinterest.com/nicolebenja/health/","https://s-media-cache-ak0.pinimg.com/avatars/nicolebenja-1387676300_30.jpg",345,"https://s-media-cache-ak0.pinimg.com/236x/0b/8e/e7/0b8ee72ed6fcb7a88c44405430fedbcb.jpg","394416879838506495",1449,8
"https://www.pinterest.com/tbonfardine/health/",NA,342,"https://s-media-cache-ak0.pinimg.com/236x/98/c8/4f/98c84fcbb31529069af7e40c3b094473.jpg","51791464436620016",1435,8
"https://www.pinterest.com/alaiyasmommie94/fitnesshealth/","https://s-media-cache-ak0.pinimg.com/avatars/marinewifey94-1390089947_30.jpg",374,"https://s-media-cache-ak0.pinimg.com/236x/8c/29/c9/8c29c9e0a2c29451a1ca7700fc333cdf.jpg","488640628293696000",1585,8
"https://www.pinterest.com/vickisay/health/","https://s-media-cache-ak0.pinimg.com/avatars/vickisay_1396904755_30.jpg",371,"https://s-media-cache-ak0.pinimg.com/236x/63/76/23/6376231daccc7f5e296ad6b9ed0522c3.jpg","106608716155424637",1571,8
"https://www.pinterest.com/megan5714/health/",NA,358,"https://s-media-cache-ak0.pinimg.com/236x/9b/f5/b6/9bf5b618181b4776c435d0fb9fd629dd.jpg","444660163178684272",1508,8
"https://www.pinterest.com/ariaj/health/","https://s-media-cache-ak0.pinimg.com/avatars/ariaj_1337062148_30.jpg",357,"https://s-media-cache-ak0.pinimg.com/236x/6e/59/7a/6e597afa4fb419fda061245bdb2b1729.jpg","AeY8qlRUa4JIsRVTjEKOCxaoLLNTY7WSqiLleyR0XHAGJZCw1s_qXco",1505,8
"https://www.pinterest.com/jennyd33914/health/","https://s-media-cache-ak0.pinimg.com/avatars/jennyd33914_1332693605_30.jpg",348,"https://s-media-cache-ak0.pinimg.com/236x/f3/61/ee/f361eeab8e73d5783d9e5a14c74a299a.jpg","64668944622044261",1464,8
"https://www.pinterest.com/vickisay/health/","https://s-media-cache-ak0.pinimg.com/avatars/vickisay_1396904755_30.jpg",371,"https://s-media-cache-ak0.pinimg.com/236x/e1/84/1c/e1841cf301c415f7ea4abe22f9453b7e.jpg","392516923748398802",1575,8
"https://www.pinterest.com/ariaj/health/","https://s-media-cache-ak0.pinimg.com/avatars/ariaj_1337062148_30.jpg",357,"https://s-media-cache-ak0.pinimg.com/236x/0c/94/2b/0c942ba000209fe1440118f8dae3cd5c.jpg","73535406391026653",1504,8
"https://www.pinterest.com/katychappell/health/","https://s-media-cache-ak0.pinimg.com/avatars/katychappell-1422976764_30.jpg",364,"https://s-media-cache-ak0.pinimg.com/236x/d7/ba/4a/d7ba4abd6a6a11876c05223548c95e29.jpg","157837161916267361",1539,8
"https://www.pinterest.com/saronggoddess/health/","https://s-media-cache-ak0.pinimg.com/avatars/saronggoddess-1361120510_30.jpg",336,"https://s-media-cache-ak0.pinimg.com/236x/0d/18/c1/0d18c1730e3415077a496d947cf21ee5.jpg","68820700525940000",1405,8
"https://www.pinterest.com/wlp143/health/","https://s-media-cache-ak0.pinimg.com/avatars/wlp143_1337088023_30.jpg",343,"https://s-media-cache-ak0.pinimg.com/236x/f2/ed/01/f2ed0160745ab4616d94cea09fdab013.jpg","378513543658325019",1438,8
"https://www.pinterest.com/mbreen2203/health/","https://s-media-cache-ak0.pinimg.com/avatars/mbreen2203_1331220420_30.jpg",338,"https://s-media-cache-ak0.pinimg.com/236x/7d/7b/8e/7d7b8eaa948af793d0d5ded8dffbb6b1.jpg","31173422397830960",1411,8
"https://www.pinterest.com/clairedevesty/health/",NA,366,"https://s-media-cache-ak0.pinimg.com/236x/63/57/bf/6357bfefba65139ae56b8cf3771d228e.jpg","42573158948656259",1547,8
"https://www.pinterest.com/mamacs3/health/","https://s-media-cache-ak0.pinimg.com/avatars/mamacs3_1333462119_30.jpg",347,"https://s-media-cache-ak0.pinimg.com/236x/4d/a4/0a/4da40a8c867824ddd136f5ec62f9085e.jpg","80220437088587274",1457,8
"https://www.pinterest.com/jkyte1/health/",NA,376,"https://s-media-cache-ak0.pinimg.com/236x/80/07/4f/80074ff8c69a0f279d73797573b1414b.jpg","322851867011690309",1594,8
"https://www.pinterest.com/ava0412/health/","https://s-media-cache-ak0.pinimg.com/avatars/ava0412_1329554808_30.jpg",337,"https://s-media-cache-ak0.pinimg.com/236x/45/46/f5/4546f53032310f0aa5d8a4b562925dda.jpg","95138610852990263",1410,8
"https://www.pinterest.com/mbreen2203/health/","https://s-media-cache-ak0.pinimg.com/avatars/mbreen2203_1331220420_30.jpg",338,"https://s-media-cache-ak0.pinimg.com/236x/bb/bf/64/bbbf64be4504ba0e1402864a4fdd2812.jpg","31173422397830960",1412,8
"https://www.pinterest.com/cardsathand/health/","https://s-media-cache-ak0.pinimg.com/avatars/cardsathand_1337089833_30.jpg",377,"https://s-media-cache-ak0.pinimg.com/236x/d7/3b/6e/d73b6e731907fbbcdc0046b46eddaa22.jpg","56083957834799839",1598,8
"https://www.pinterest.com/saronggoddess/health/","https://s-media-cache-ak0.pinimg.com/avatars/saronggoddess-1361120510_30.jpg",336,"https://s-media-cache-ak0.pinimg.com/236x/47/3c/a4/473ca4a79ab20bef942f531201902e8d.jpg","237776055297090258",1403,8
"https://www.pinterest.com/nicolebenja/health/","https://s-media-cache-ak0.pinimg.com/avatars/nicolebenja-1387676300_30.jpg",345,"https://s-media-cache-ak0.pinimg.com/236x/7c/db/85/7cdb8593f8cefd58527560cc15cdb299.jpg","475692779361507545",1450,8
"https://www.pinterest.com/babimarti/health/","https://s-media-cache-ak0.pinimg.com/avatars/babimarti_1366365622_30.jpg",353,"https://s-media-cache-ak0.pinimg.com/236x/bc/e3/f6/bce3f66200e992692186c932b5e1d1c5.jpg","397020523370605576",1490,8
"https://www.pinterest.com/cheerchick46/health/","https://s-media-cache-ak0.pinimg.com/avatars/cheerchick46-1383966269_30.jpg",351,"https://s-media-cache-ak0.pinimg.com/236x/23/76/7a/23767a41278b2e1b715feafc5b97f80f.jpg","162903711494603524",1477,8
"https://www.pinterest.com/hersheylol/health/","https://s-media-cache-ak0.pinimg.com/avatars/hersheylol_1337115139_30.jpg",355,"https://s-media-cache-ak0.pinimg.com/236x/14/80/72/148072147398969ae1c5b19a3541418c.jpg","12807180163696271",1493,8
"https://www.pinterest.com/clopez0960/health/","https://s-media-cache-ak0.pinimg.com/avatars/clopez0960_1386646371_30.jpg",346,"https://s-media-cache-ak0.pinimg.com/236x/e7/43/e9/e743e9942b9238e2e3ae200ad4bd788b.jpg","154881674659106262",1451,8
"https://www.pinterest.com/tbonfardine/health/",NA,342,"https://s-media-cache-ak0.pinimg.com/236x/a2/69/51/a2695115fd45528a25b0e8fee670b680.jpg","407927678720286760",1433,8
"https://www.pinterest.com/tcgurl87/health/","https://s-media-cache-ak0.pinimg.com/avatars/tcgurl87_1329784805_30.jpg",341,"https://s-media-cache-ak0.pinimg.com/236x/80/25/0e/80250e133033f6659b8f314ad53510f8.jpg","157555686939531256",1426,8
"https://www.pinterest.com/mbreen2203/health/","https://s-media-cache-ak0.pinimg.com/avatars/mbreen2203_1331220420_30.jpg",338,"https://s-media-cache-ak0.pinimg.com/236x/6c/6f/f7/6c6ff7bc2abb868ac796de9bbe5b9ac5.jpg","365706432214214319",1413,8
"https://www.pinterest.com/wlp143/health/","https://s-media-cache-ak0.pinimg.com/avatars/wlp143_1337088023_30.jpg",343,"https://s-media-cache-ak0.pinimg.com/236x/b1/9f/d7/b19fd7c26712283a51cd30bc2645a7e9.jpg","378513543658325019",1439,8
"https://www.pinterest.com/janissa11/health/","https://s-media-cache-ak0.pinimg.com/avatars/janissa11_1337064083_30.jpg",361,"https://s-media-cache-ak0.pinimg.com/236x/98/81/a3/9881a30763a1dc0951a78742928b7e40.jpg","148548487682366339",1522,8
"https://www.pinterest.com/kaghado/health/","https://s-media-cache-ak0.pinimg.com/avatars/kaghado-1408007993_30.jpg",369,"https://s-media-cache-ak0.pinimg.com/236x/66/4c/f7/664cf75422a15a0cc0ea080094374619.jpg","442900944578539017",1561,8
"https://www.pinterest.com/alaiyasmommie94/fitnesshealth/","https://s-media-cache-ak0.pinimg.com/avatars/marinewifey94-1390089947_30.jpg",374,"https://s-media-cache-ak0.pinimg.com/236x/7b/ec/9a/7bec9a7389be3b028cb8b0ce90cdc6d2.jpg","125045327128040365",1581,8
"https://www.pinterest.com/lauricelah/health/",NA,362,"https://s-media-cache-ak0.pinimg.com/236x/e6/5f/56/e65f5646dc2708a7ea5629f6235e493c.jpg","61431982392507669",1530,8
"https://www.pinterest.com/cardsathand/health/","https://s-media-cache-ak0.pinimg.com/avatars/cardsathand_1337089833_30.jpg",377,"https://s-media-cache-ak0.pinimg.com/236x/2b/56/0c/2b560c285f6b2a7c210832f6ca09cce4.jpg","69735494204681001",1599,8
"https://www.pinterest.com/pulagirl/health/",NA,360,"https://s-media-cache-ak0.pinimg.com/236x/de/2c/27/de2c27dcef981f142359f8cd563a5a78.jpg","100979216618342610",1516,8
"https://www.pinterest.com/gaye1040/health/",NA,365,"https://s-media-cache-ak0.pinimg.com/236x/c2/8f/66/c28f668768f3b863b3889ffaaeda8185.jpg","485474034802654274",1543,8
"https://www.pinterest.com/lauricelah/health/",NA,362,"https://s-media-cache-ak0.pinimg.com/236x/65/e3/29/65e3299f2822c85c559beae7cbf1e88a.jpg","380061656028511016",1529,8
"https://www.pinterest.com/vickisay/health/","https://s-media-cache-ak0.pinimg.com/avatars/vickisay_1396904755_30.jpg",371,"https://s-media-cache-ak0.pinimg.com/236x/22/dc/8b/22dc8b66ff608348737771247265859c.jpg","116601077826603394",1572,8
"https://www.pinterest.com/lauricelah/health/",NA,362,"https://s-media-cache-ak0.pinimg.com/236x/d3/46/ef/d346ef66cc43f98f3ceaafcd0aaeabc4.jpg","316589048775333016",1528,8
"https://www.pinterest.com/clairedevesty/health/",NA,366,"https://s-media-cache-ak0.pinimg.com/236x/b1/9f/c2/b19fc2853124f5e4225b76a12967af4f.jpg","522628731731733284",1548,8
"https://www.pinterest.com/htwilliams82/health/","https://s-media-cache-ak0.pinimg.com/avatars/htwilliams82_1334663455_30.jpg",344,"https://s-media-cache-ak0.pinimg.com/236x/c9/df/f0/c9dff0409cbb8ee6ff31768b2771987d.jpg","350928995935578455",1443,8
"https://www.pinterest.com/mbreen2203/health/","https://s-media-cache-ak0.pinimg.com/avatars/mbreen2203_1331220420_30.jpg",338,"https://s-media-cache-ak0.pinimg.com/236x/85/25/ee/8525eeefae08a32213e79e5b1dc3cf5e.jpg","53480314300767435",1415,8
"https://www.pinterest.com/janissa11/health/","https://s-media-cache-ak0.pinimg.com/avatars/janissa11_1337064083_30.jpg",361,"https://s-media-cache-ak0.pinimg.com/236x/21/0d/51/210d516d0c82e9d0d4e3da651d956db1.jpg","148548487682366339",1521,8
"https://www.pinterest.com/vickisay/health/","https://s-media-cache-ak0.pinimg.com/avatars/vickisay_1396904755_30.jpg",371,"https://s-media-cache-ak0.pinimg.com/236x/03/a4/b2/03a4b206debcfb044e4ad74e8c04c9a7.jpg","256001560044106738",1574,8
"https://www.pinterest.com/cheerchick46/health/","https://s-media-cache-ak0.pinimg.com/avatars/cheerchick46-1383966269_30.jpg",351,"https://s-media-cache-ak0.pinimg.com/236x/0b/e4/b8/0be4b8417f8eba4f9d9095e343339940.jpg","516365913498771565",1479,8
"https://www.pinterest.com/tbonfardine/health/",NA,342,"https://s-media-cache-ak0.pinimg.com/236x/5c/6d/19/5c6d199092d317d25abd588c02503c2c.jpg","260012578458887000",1432,8
"https://www.pinterest.com/clopez0960/health/","https://s-media-cache-ak0.pinimg.com/avatars/clopez0960_1386646371_30.jpg",346,"https://s-media-cache-ak0.pinimg.com/236x/b9/0a/67/b90a67f57c5f4fa2d3c017e2ed5a5679.jpg","154881674659106262",1452,8
"https://www.pinterest.com/yvonnemontez221/health/",NA,359,"https://s-media-cache-ak0.pinimg.com/236x/48/a2/99/48a299d3f8e8391f3872299984668a50.jpg","61783826111212762",1515,8
"https://www.pinterest.com/katychappell/health/","https://s-media-cache-ak0.pinimg.com/avatars/katychappell-1422976764_30.jpg",364,"https://s-media-cache-ak0.pinimg.com/236x/e4/15/4d/e4154d7719e4fb78eed695d417af1cf5.jpg","10836855324251019",1537,8
"https://www.pinterest.com/nicolebenja/health/","https://s-media-cache-ak0.pinimg.com/avatars/nicolebenja-1387676300_30.jpg",345,"https://s-media-cache-ak0.pinimg.com/236x/d7/f6/ce/d7f6cef808a4b57ea285ca004ea876f3.jpg","127930445639363393",1447,8
"https://www.pinterest.com/lmb2630/health/","https://s-media-cache-ak0.pinimg.com/avatars/lmb2630-19_30.jpg",363,"https://s-media-cache-ak0.pinimg.com/236x/d9/5f/1a/d95f1a87b4d2fe706030417184a6544b.jpg","231091024601906617",1533,8
"https://www.pinterest.com/melxnie17/health/","https://s-media-cache-ak0.pinimg.com/avatars/Melxnie17_1433636729_30.jpg",340,"https://s-media-cache-ak0.pinimg.com/236x/70/31/48/7031483197f9412bb5026fcd76fd621c.jpg","331366485057506256",1423,8
"https://www.pinterest.com/jdobbins41/health/","https://s-media-cache-ak0.pinimg.com/avatars/jdobbins41_1346356916_30.jpg",339,"https://s-media-cache-ak0.pinimg.com/236x/df/8a/87/df8a877a635c96a5b12ae06ce945c430.jpg","526358275175105332",1420,8
"https://www.pinterest.com/nicolebenja/health/","https://s-media-cache-ak0.pinimg.com/avatars/nicolebenja-1387676300_30.jpg",345,"https://s-media-cache-ak0.pinimg.com/236x/f0/47/79/f04779fb82d9920c0940a18f75f653dc.jpg","127930445639363393",1446,8
"https://www.pinterest.com/petroskymom/health/","https://s-media-cache-ak0.pinimg.com/avatars/petroskymom_1329763047_30.jpg",367,"https://s-media-cache-ak0.pinimg.com/236x/58/89/55/58895546461ebf8a7546564df5110b8f.jpg","67765169367509327",1555,8
"https://www.pinterest.com/katychappell/health/","https://s-media-cache-ak0.pinimg.com/avatars/katychappell-1422976764_30.jpg",364,"https://s-media-cache-ak0.pinimg.com/236x/ba/42/34/ba4234eeab1d0310ab0b52f49ad644b1.jpg","10836855324251019",1536,8
"https://www.pinterest.com/cheerchick46/health/","https://s-media-cache-ak0.pinimg.com/avatars/cheerchick46-1383966269_30.jpg",351,"https://s-media-cache-ak0.pinimg.com/236x/09/b0/dd/09b0dd7309b42a204383285c72c04843.jpg","371476669235358520",1478,8
"https://www.pinterest.com/jdobbins41/health/","https://s-media-cache-ak0.pinimg.com/avatars/jdobbins41_1346356916_30.jpg",339,"https://s-media-cache-ak0.pinimg.com/236x/fb/83/76/fb83765504dc002f593548937caef5be.jpg","36239971973613096",1417,8
"https://www.pinterest.com/jennyd33914/health/","https://s-media-cache-ak0.pinimg.com/avatars/jennyd33914_1332693605_30.jpg",348,"https://s-media-cache-ak0.pinimg.com/236x/76/b1/70/76b170903c06f9db5a37cb8f4533a9f0.jpg","524106475359631259",1463,8
"https://www.pinterest.com/mamacs3/health/","https://s-media-cache-ak0.pinimg.com/avatars/mamacs3_1333462119_30.jpg",347,"https://s-media-cache-ak0.pinimg.com/236x/6b/2f/c4/6b2fc41c219da3f44a3380c26e9b9fd1.jpg","90212798762220312",1459,8
"https://www.pinterest.com/melxnie17/health/","https://s-media-cache-ak0.pinimg.com/avatars/Melxnie17_1433636729_30.jpg",340,"https://s-media-cache-ak0.pinimg.com/236x/05/20/9d/05209da12a33b15d618a0059ad4fabcd.jpg","331366485057506256",1422,8
"https://www.pinterest.com/jkyte1/health/",NA,376,"https://s-media-cache-ak0.pinimg.com/236x/db/36/51/db36513d95a1bd8aafb78de669a0c302.jpg","131730357827138328",1591,8
"https://www.pinterest.com/htwilliams82/health/","https://s-media-cache-ak0.pinimg.com/avatars/htwilliams82_1334663455_30.jpg",344,"https://s-media-cache-ak0.pinimg.com/236x/61/0d/e7/610de779d6602b1536ac7869332b88f7.jpg","392728029975571285",1445,8
"https://www.pinterest.com/pulagirl/health/",NA,360,"https://s-media-cache-ak0.pinimg.com/236x/3b/c8/a8/3bc8a83efc917f7754001a1191dfacfa.jpg","467107792573447342",1519,8
"https://www.pinterest.com/kaitlincarmont/health/",NA,356,"https://s-media-cache-ak0.pinimg.com/236x/9f/e7/47/9fe7474ed696b6038173646b90c7452c.jpg","274790014735455304",1498,8
"https://www.pinterest.com/chely8183/health/","https://s-media-cache-ak0.pinimg.com/avatars/chely8183-1374747508_30.jpg",349,"https://s-media-cache-ak0.pinimg.com/236x/25/a9/71/25a97127bc0df951bad7b7f3da2983d8.jpg","383368987004533276",1467,8
"https://www.pinterest.com/megan5714/health/",NA,358,"https://s-media-cache-ak0.pinimg.com/236x/93/23/1c/93231c7fd3be644c041a0ceb2ecc683a.jpg","314055773985375907",1507,8
"https://www.pinterest.com/yvonnemontez221/health/",NA,359,"https://s-media-cache-ak0.pinimg.com/236x/2b/85/f0/2b85f09c43532d9f59a7ebbc95c458af.jpg","550705860658921282",1513,8
"https://www.pinterest.com/petroskymom/health/","https://s-media-cache-ak0.pinimg.com/avatars/petroskymom_1329763047_30.jpg",367,"https://s-media-cache-ak0.pinimg.com/236x/4a/55/5d/4a555d6726c2dd3d0ef848e4619ff104.jpg","295478425526828341",1552,8
"https://www.pinterest.com/gaye1040/health/",NA,365,"https://s-media-cache-ak0.pinimg.com/236x/37/2e/c0/372ec064272dcd9e71fb918360aeee15.jpg","281826889153321640",1542,8
"https://www.pinterest.com/lmb2630/health/","https://s-media-cache-ak0.pinimg.com/avatars/lmb2630-19_30.jpg",363,"https://s-media-cache-ak0.pinimg.com/236x/31/78/02/3178026c569a871a5e4957c40f0b6323.jpg","237213105349077290",1535,8
"https://www.pinterest.com/jennyd33914/health/","https://s-media-cache-ak0.pinimg.com/avatars/jennyd33914_1332693605_30.jpg",348,"https://s-media-cache-ak0.pinimg.com/236x/21/29/21/212921d5f36834b188d279b986f8b610.jpg","524106475359631259",1462,8
"https://www.pinterest.com/ava0412/health/","https://s-media-cache-ak0.pinimg.com/avatars/ava0412_1329554808_30.jpg",337,"https://s-media-cache-ak0.pinimg.com/236x/49/3e/21/493e217fec19d066eccf3e617c9f6ef8.jpg","121034308706585419",1406,8
"https://www.pinterest.com/petroskymom/health/","https://s-media-cache-ak0.pinimg.com/avatars/petroskymom_1329763047_30.jpg",367,"https://s-media-cache-ak0.pinimg.com/236x/6c/c9/67/6cc9675043254db4e0d5c966ec4ecbe8.jpg","295478425526828341",1553,8
"https://www.pinterest.com/cardsathand/health/","https://s-media-cache-ak0.pinimg.com/avatars/cardsathand_1337089833_30.jpg",377,"https://s-media-cache-ak0.pinimg.com/236x/e1/24/e0/e124e0dcf2b5e27b74f7aa70ef6edd25.jpg","545076361122490282",1597,8
"https://www.pinterest.com/vickisay/health/","https://s-media-cache-ak0.pinimg.com/avatars/vickisay_1396904755_30.jpg",371,"https://s-media-cache-ak0.pinimg.com/236x/04/c0/c9/04c0c96418e21eaea67a64bace31755c.jpg","256001560044106738",1573,8
"https://www.pinterest.com/kaghado/health/","https://s-media-cache-ak0.pinimg.com/avatars/kaghado-1408007993_30.jpg",369,"https://s-media-cache-ak0.pinimg.com/236x/e0/05/4a/e0054a9c1ed2161b8407d32ffdb90fa5.jpg","469359592389112277",1563,8
"https://www.pinterest.com/clairedevesty/health/",NA,366,"https://s-media-cache-ak0.pinimg.com/236x/36/11/d3/3611d3d80b0f2084b247a48c24ed44d0.jpg","522628731731733284",1549,8
"https://www.pinterest.com/jkyte1/health/",NA,376,"https://s-media-cache-ak0.pinimg.com/236x/f3/50/40/f35040829b73dfbf7dffd505ca68b057.jpg","343258802822077259",1595,8
"https://www.pinterest.com/clairedevesty/health/",NA,366,"https://s-media-cache-ak0.pinimg.com/236x/41/9e/c3/419ec363b74a0875fb948f838c94723a.jpg","285767538831706286",1546,8
"https://www.pinterest.com/gaye1040/health/",NA,365,"https://s-media-cache-ak0.pinimg.com/236x/46/f1/80/46f180c365f717ebf265f16b967f2809.jpg","514817801123751300",1544,8
"https://www.pinterest.com/tcgurl87/health/","https://s-media-cache-ak0.pinimg.com/avatars/tcgurl87_1329784805_30.jpg",341,"https://s-media-cache-ak0.pinimg.com/236x/e7/88/21/e788213b106252605edad641fd6adc9d.jpg","222787512791183292",1429,8
"https://www.pinterest.com/wlp143/health/","https://s-media-cache-ak0.pinimg.com/avatars/wlp143_1337088023_30.jpg",343,"https://s-media-cache-ak0.pinimg.com/236x/c9/3f/01/c93f01ef22769d05871d9365f7407571.jpg","456622849689004001",1440,8
"https://www.pinterest.com/pulagirl/health/",NA,360,"https://s-media-cache-ak0.pinimg.com/236x/9b/58/5e/9b585e043cce8dfca8b3cdc1b20dfc30.jpg","136093219962881687",1517,8
"https://www.pinterest.com/janissa11/health/","https://s-media-cache-ak0.pinimg.com/avatars/janissa11_1337064083_30.jpg",361,"https://s-media-cache-ak0.pinimg.com/236x/72/b5/c3/72b5c375330f5488bf8a9447131f1726.jpg","62206038575434304",1525,8
"https://www.pinterest.com/katychappell/health/","https://s-media-cache-ak0.pinimg.com/avatars/katychappell-1422976764_30.jpg",364,"https://s-media-cache-ak0.pinimg.com/236x/57/c2/0e/57c20e99d22c406657313c8cef6ddb9c.jpg","157837161916267361",1538,8
"https://www.pinterest.com/kaghado/health/","https://s-media-cache-ak0.pinimg.com/avatars/kaghado-1408007993_30.jpg",369,"https://s-media-cache-ak0.pinimg.com/236x/b0/91/7d/b0917d4214a82052473f105ad11855a8.jpg","58828338855942369",1565,8
"https://www.pinterest.com/mamacs3/health/","https://s-media-cache-ak0.pinimg.com/avatars/mamacs3_1333462119_30.jpg",347,"https://s-media-cache-ak0.pinimg.com/236x/8a/1a/70/8a1a709a81b5f844d545e2b73078991c.jpg","343751384035087314",1456,8
"https://www.pinterest.com/clopez0960/health/","https://s-media-cache-ak0.pinimg.com/avatars/clopez0960_1386646371_30.jpg",346,"https://s-media-cache-ak0.pinimg.com/236x/93/de/b5/93deb58afbd08939831b2b1e897f748e.jpg","49680402112385272",1455,8
"https://www.pinterest.com/rova61/health/",NA,370,"https://s-media-cache-ak0.pinimg.com/236x/a6/62/78/a66278ff7df18f7060b2fdee17c7abca.jpg","441282463458639367",1567,8
"https://www.pinterest.com/babimarti/health/","https://s-media-cache-ak0.pinimg.com/avatars/babimarti_1366365622_30.jpg",353,"https://s-media-cache-ak0.pinimg.com/236x/d4/aa/6a/d4aa6a3f49d8d3957b3950b23a2ad25d.jpg","185773553354435260",1487,8
"https://www.pinterest.com/sheila5857/health/",NA,372,"https://s-media-cache-ak0.pinimg.com/236x/98/ec/a5/98eca50209213a0273f78eea99cb8302.jpg","155022412148169263",1576,8
"https://www.pinterest.com/jdobbins41/health/","https://s-media-cache-ak0.pinimg.com/avatars/jdobbins41_1346356916_30.jpg",339,"https://s-media-cache-ak0.pinimg.com/236x/a4/c7/7c/a4c77c6ab469d3375a1140617d5fc03f.jpg","285556432595429398",1416,8
"https://www.pinterest.com/babimarti/health/","https://s-media-cache-ak0.pinimg.com/avatars/babimarti_1366365622_30.jpg",353,"https://s-media-cache-ak0.pinimg.com/236x/c5/d0/9c/c5d09c1205e05dcb813cab8a34ba3619.jpg","39125090485421168",1488,8
"https://www.pinterest.com/cheerchick46/health/","https://s-media-cache-ak0.pinimg.com/avatars/cheerchick46-1383966269_30.jpg",351,"https://s-media-cache-ak0.pinimg.com/236x/5d/8d/e7/5d8de76df485df791b9540adaf0fea3e.jpg","157274211962067325",1476,8
"https://www.pinterest.com/sheila5857/health/",NA,372,"https://s-media-cache-ak0.pinimg.com/236x/01/c3/86/01c386069821fad1f69a14943cff0ae6.jpg","56787645276431358",1579,8
"https://www.pinterest.com/lauricelah/health/",NA,362,"https://s-media-cache-ak0.pinimg.com/236x/cb/c0/b9/cbc0b9f9c1a8a8cc5373b3ce8b6755c6.jpg","106327241173849481",1527,8
"https://www.pinterest.com/saronggoddess/health/","https://s-media-cache-ak0.pinimg.com/avatars/saronggoddess-1361120510_30.jpg",336,"https://s-media-cache-ak0.pinimg.com/236x/be/71/16/be71166df6f6ef79ef33f2e82bbe90ec.jpg","279223245618208262",1404,8
"https://www.pinterest.com/indiagail/fitnesshealth/","https://s-media-cache-ak0.pinimg.com/avatars/indiagail-7_30.jpg",368,"https://s-media-cache-ak0.pinimg.com/236x/8a/5c/e3/8a5ce311d1d68834fe8d60bc9164f8dc.jpg","92112754850435253",1559,8
"https://www.pinterest.com/lmb2630/health/","https://s-media-cache-ak0.pinimg.com/avatars/lmb2630-19_30.jpg",363,"https://s-media-cache-ak0.pinimg.com/236x/c2/6e/be/c26ebeeff04d202029c9f196d005650e.jpg","237213105349077290",1534,8
"https://www.pinterest.com/hjbtjb/health/","https://s-media-cache-ak0.pinimg.com/avatars/hjbtjb_1330902812_30.jpg",350,"https://s-media-cache-ak0.pinimg.com/236x/98/bd/c4/98bdc464210defa5cb000a5ab24bd343.jpg","AVBuX1wWZbrlHmU9kjBGLyjq2kiihygef5HJJw4WOd7rAEwAINCp_B6THSIddMvu8g",1474,8
"https://www.pinterest.com/mbreen2203/health/","https://s-media-cache-ak0.pinimg.com/avatars/mbreen2203_1331220420_30.jpg",338,"https://s-media-cache-ak0.pinimg.com/236x/23/0d/77/230d776d3925a19fa0169828b60ffdd5.jpg","365706432214214319",1414,8
"https://www.pinterest.com/jdobbins41/health/","https://s-media-cache-ak0.pinimg.com/avatars/jdobbins41_1346356916_30.jpg",339,"https://s-media-cache-ak0.pinimg.com/236x/bf/77/2a/bf772a58b201d82b8d55539c60b7a8e1.jpg","417075615461249835",1418,8
"https://www.pinterest.com/hjbtjb/health/","https://s-media-cache-ak0.pinimg.com/avatars/hjbtjb_1330902812_30.jpg",350,"https://s-media-cache-ak0.pinimg.com/236x/16/3a/a4/163aa4dc2c29695fa2425457a0ffc35b.jpg","213709944792933302",1472,8
"https://www.pinterest.com/chely8183/health/","https://s-media-cache-ak0.pinimg.com/avatars/chely8183-1374747508_30.jpg",349,"https://s-media-cache-ak0.pinimg.com/236x/eb/3b/0e/eb3b0ef725aa429ce762e6be344e6268.jpg","383368987004533276",1468,8
"https://www.pinterest.com/ariaj/health/","https://s-media-cache-ak0.pinimg.com/avatars/ariaj_1337062148_30.jpg",357,"https://s-media-cache-ak0.pinimg.com/236x/77/37/dc/7737dcca22ce591cbd0495c89d6c5e61.jpg","429108670718987211",1502,8
"https://www.pinterest.com/lauricelah/health/",NA,362,"https://s-media-cache-ak0.pinimg.com/236x/ba/83/c3/ba83c3c4623b5c2eeaad3198646d571d.jpg","106327241173849481",1526,8
"https://www.pinterest.com/rova61/health/",NA,370,"https://s-media-cache-ak0.pinimg.com/236x/41/cb/c0/41cbc0c0bf1d4ef62274e04f43192c77.jpg","101682904060034269",1566,8
"https://www.pinterest.com/chely8183/health/","https://s-media-cache-ak0.pinimg.com/avatars/chely8183-1374747508_30.jpg",349,"https://s-media-cache-ak0.pinimg.com/236x/95/a5/ad/95a5ad81725467ba1d4ec5b963984b51.jpg","54043264253676940",1470,8
"https://www.pinterest.com/megan5714/health/",NA,358,"https://s-media-cache-ak0.pinimg.com/236x/ca/78/9a/ca789a134bdbb936effdd11f9be0571f.jpg","533254412100727270",1509,8
"https://www.pinterest.com/yvonnemontez221/health/",NA,359,"https://s-media-cache-ak0.pinimg.com/236x/ea/7d/bb/ea7dbb52006ccdacdfdd6f130be5ccd3.jpg","550705860658921282",1514,8
"https://www.pinterest.com/mamacs3/health/","https://s-media-cache-ak0.pinimg.com/avatars/mamacs3_1333462119_30.jpg",347,"https://s-media-cache-ak0.pinimg.com/236x/8b/11/ac/8b11acad7c2a038564f6ca796cd021ff.jpg","90212798762220312",1460,8
"https://www.pinterest.com/babimarti/health/","https://s-media-cache-ak0.pinimg.com/avatars/babimarti_1366365622_30.jpg",353,"https://s-media-cache-ak0.pinimg.com/236x/60/85/bb/6085bb474d66f0504a76ba30fbf62e0d.jpg","109775309641094260",1486,8
"https://www.pinterest.com/ava0412/health/","https://s-media-cache-ak0.pinimg.com/avatars/ava0412_1329554808_30.jpg",337,"https://s-media-cache-ak0.pinimg.com/236x/1a/6f/04/1a6f04efcc2095b73689ec5fa90c8774.jpg","504543964475940899",1409,8
"https://www.pinterest.com/petroskymom/health/","https://s-media-cache-ak0.pinimg.com/avatars/petroskymom_1329763047_30.jpg",367,"https://s-media-cache-ak0.pinimg.com/236x/fe/96/7a/fe967af6365fd5c20ac09942ca438e7e.jpg","267049452875216263",1551,8
"https://www.pinterest.com/cardsathand/health/","https://s-media-cache-ak0.pinimg.com/avatars/cardsathand_1337089833_30.jpg",377,"https://s-media-cache-ak0.pinimg.com/236x/f9/bf/db/f9bfdb4d2e2d06472086d6cbfee3ff98.jpg","380343131006399018",1596,8
"https://www.pinterest.com/indiagail/fitnesshealth/","https://s-media-cache-ak0.pinimg.com/avatars/indiagail-7_30.jpg",368,"https://s-media-cache-ak0.pinimg.com/236x/b6/64/23/b664236339612394aa437d54bab87810.jpg","244390717255310510",1556,8
"https://www.pinterest.com/alaiyasmommie94/fitnesshealth/","https://s-media-cache-ak0.pinimg.com/avatars/marinewifey94-1390089947_30.jpg",374,"https://s-media-cache-ak0.pinimg.com/236x/54/11/99/5411999635a77725ce2249df46c717d5.jpg","413909021977465256",1583,8
"https://www.pinterest.com/melxnie17/health/","https://s-media-cache-ak0.pinimg.com/avatars/Melxnie17_1433636729_30.jpg",340,"https://s-media-cache-ak0.pinimg.com/236x/f3/04/55/f30455b78f9e60ca7d87cf03c10d5268.jpg","200550989631365265",1421,8
"https://www.pinterest.com/ariaj/health/","https://s-media-cache-ak0.pinimg.com/avatars/ariaj_1337062148_30.jpg",357,"https://s-media-cache-ak0.pinimg.com/236x/7b/bb/bd/7bbbbd77ac52a9d58c3434d3fc757089.jpg","192599321540435574",1501,8
"https://www.pinterest.com/rova61/health/",NA,370,"https://s-media-cache-ak0.pinimg.com/236x/66/ba/9f/66ba9fa9094fc7e9f8b21120d843c7e8.jpg","7529524350789270",1570,8
"https://www.pinterest.com/nocturnal10/health/","https://s-media-cache-ak0.pinimg.com/avatars/nocturnal10_1365653649_30.jpg",375,"https://s-media-cache-ak0.pinimg.com/236x/c8/98/88/c898885fd64baef9b22f96c30286c2f3.jpg","356136283010918223",1586,8
"https://www.pinterest.com/katychappell/health/","https://s-media-cache-ak0.pinimg.com/avatars/katychappell-1422976764_30.jpg",364,"https://s-media-cache-ak0.pinimg.com/236x/3c/ce/df/3ccedf9be0cb0d7e6d5e0cc601a45d54.jpg","165155511308605158",1540,8
"https://www.pinterest.com/htwilliams82/health/","https://s-media-cache-ak0.pinimg.com/avatars/htwilliams82_1334663455_30.jpg",344,"https://s-media-cache-ak0.pinimg.com/236x/db/7a/b1/db7ab1c45198cc69a91c146bcfe41a48.jpg","209839663858952445",1441,8
"https://www.pinterest.com/sheila5857/health/",NA,372,"https://s-media-cache-ak0.pinimg.com/236x/81/16/fc/8116fcddd10249f9fc2f2f9cc94ff59b.jpg","56787645276431358",1580,8
"https://www.pinterest.com/melxnie17/health/","https://s-media-cache-ak0.pinimg.com/avatars/Melxnie17_1433636729_30.jpg",340,"https://s-media-cache-ak0.pinimg.com/236x/76/6d/84/766d84c8c5e60d8c1fa1b515a09dadab.jpg","388998486539360307",1424,8
"https://www.pinterest.com/coigreach/health/","https://s-media-cache-ak0.pinimg.com/avatars/coigreach-1416259602_30.jpg",352,"https://s-media-cache-ak0.pinimg.com/236x/7d/42/51/7d4251d98d54278bfa385d7bd62ec02f.jpg","236016836693605741",1482,8
"https://www.pinterest.com/hersheylol/health/","https://s-media-cache-ak0.pinimg.com/avatars/hersheylol_1337115139_30.jpg",355,"https://s-media-cache-ak0.pinimg.com/236x/a1/41/98/a141984acd6ee7d0fdfb1e6e68532c13.jpg","56365432808260289",1495,8
"https://www.pinterest.com/cardsathand/health/","https://s-media-cache-ak0.pinimg.com/avatars/cardsathand_1337089833_30.jpg",377,"https://s-media-cache-ak0.pinimg.com/236x/a0/90/43/a0904399599385e29afa3341600a4ff2.jpg","83246293083184261",1600,8
"https://www.pinterest.com/ariaj/health/","https://s-media-cache-ak0.pinimg.com/avatars/ariaj_1337062148_30.jpg",357,"https://s-media-cache-ak0.pinimg.com/236x/3e/6f/7f/3e6f7f2da90a587143370ebcf822eb34.jpg","73535406391026653",1503,8
"https://www.pinterest.com/sheila5857/health/",NA,372,"https://s-media-cache-ak0.pinimg.com/236x/3b/cc/81/3bcc81c00adb3743e42128ccfa9f50d1.jpg","43558321370490411",1578,8
"https://www.pinterest.com/coigreach/health/","https://s-media-cache-ak0.pinimg.com/avatars/coigreach-1416259602_30.jpg",352,"https://s-media-cache-ak0.pinimg.com/236x/ad/25/fd/ad25fd0086a4c77e661dd2fdb27f874e.jpg","389702173978734503",1485,8
"https://www.pinterest.com/clopez0960/health/","https://s-media-cache-ak0.pinimg.com/avatars/clopez0960_1386646371_30.jpg",346,"https://s-media-cache-ak0.pinimg.com/236x/d7/ba/4a/d7ba4abd6a6a11876c05223548c95e29.jpg","311170655473573016",1453,8
"https://www.pinterest.com/hersheylol/health/","https://s-media-cache-ak0.pinimg.com/avatars/hersheylol_1337115139_30.jpg",355,"https://s-media-cache-ak0.pinimg.com/236x/ec/18/ec/ec18ec485068ac19d368e708db03ace8.jpg","255227503858199017",1494,8
"https://www.pinterest.com/tbonfardine/health/",NA,342,"https://s-media-cache-ak0.pinimg.com/236x/c5/db/2b/c5db2b47995c002471b223a2eff211c9.jpg","407927678720286815",1434,8
"https://www.pinterest.com/kaghado/health/","https://s-media-cache-ak0.pinimg.com/avatars/kaghado-1408007993_30.jpg",369,"https://s-media-cache-ak0.pinimg.com/236x/1f/a7/b7/1fa7b724589a9911c8f6e11e162afd5d.jpg","464504149041344262",1562,8
"https://www.pinterest.com/indiagail/fitnesshealth/","https://s-media-cache-ak0.pinimg.com/avatars/indiagail-7_30.jpg",368,"https://s-media-cache-ak0.pinimg.com/236x/7b/f5/17/7bf517fcabcff5445a24c36d150e8c70.jpg","92112754850435253",1560,8
"https://www.pinterest.com/coigreach/health/","https://s-media-cache-ak0.pinimg.com/avatars/coigreach-1416259602_30.jpg",352,"https://s-media-cache-ak0.pinimg.com/236x/04/72/04/047204f7cb83f553038223043084d52f.jpg","1548181091440979",1481,8
"https://www.pinterest.com/tcgurl87/health/","https://s-media-cache-ak0.pinimg.com/avatars/tcgurl87_1329784805_30.jpg",341,"https://s-media-cache-ak0.pinimg.com/236x/3a/69/a9/3a69a992e457ad60c0c8c12ef91d1ca0.jpg","335658978450228029",1430,8
"https://www.pinterest.com/pulagirl/health/",NA,360,"https://s-media-cache-ak0.pinimg.com/236x/58/82/57/5882571534dd043291ef77f4021f75f9.jpg","467107792573447342",1520,8
"https://www.pinterest.com/jennyd33914/health/","https://s-media-cache-ak0.pinimg.com/avatars/jennyd33914_1332693605_30.jpg",348,"https://s-media-cache-ak0.pinimg.com/236x/9e/34/ab/9e34ab3c9751eb405ae0e93c4912c2f5.jpg","214695107211087264",1461,8
"https://www.pinterest.com/coigreach/health/","https://s-media-cache-ak0.pinimg.com/avatars/coigreach-1416259602_30.jpg",352,"https://s-media-cache-ak0.pinimg.com/236x/43/b1/d7/43b1d7ca6ea13ad804732a97211e617a.jpg","236016836693605741",1483,8
"https://www.pinterest.com/ava0412/health/","https://s-media-cache-ak0.pinimg.com/avatars/ava0412_1329554808_30.jpg",337,"https://s-media-cache-ak0.pinimg.com/236x/0c/3b/2c/0c3b2ce5e321d4b2d69fc6d1745b7784.jpg","32651166020899486",1407,8
"https://www.pinterest.com/yvonnemontez221/health/",NA,359,"https://s-media-cache-ak0.pinimg.com/236x/fb/75/b7/fb75b77aabe74940297e83f1880240cd.jpg","407927678724348869",1512,8
"https://www.pinterest.com/indiagail/fitnesshealth/","https://s-media-cache-ak0.pinimg.com/avatars/indiagail-7_30.jpg",368,"https://s-media-cache-ak0.pinimg.com/236x/c5/6e/9d/c56e9d85c33e4f9056a382057f7a3173.jpg","364650901049893708",1558,8
"https://www.pinterest.com/kaghado/health/","https://s-media-cache-ak0.pinimg.com/avatars/kaghado-1408007993_30.jpg",369,"https://s-media-cache-ak0.pinimg.com/236x/58/47/14/584714be64ec0a0a552c7350b254adb1.jpg","58828338855942369",1564,8
"https://www.pinterest.com/kaitlincarmont/health/",NA,356,"https://s-media-cache-ak0.pinimg.com/236x/e7/89/7f/e7897f733f38fc37735448045c97d2a1.jpg","154037249727427018",1496,8
"https://www.pinterest.com/clopez0960/health/","https://s-media-cache-ak0.pinimg.com/avatars/clopez0960_1386646371_30.jpg",346,"https://s-media-cache-ak0.pinimg.com/236x/d8/d4/fe/d8d4fef3cc3baa26a363655b64d8c857.jpg","49680402112385272",1454,8
"https://www.pinterest.com/nocturnal10/health/","https://s-media-cache-ak0.pinimg.com/avatars/nocturnal10_1365653649_30.jpg",375,"https://s-media-cache-ak0.pinimg.com/236x/89/52/ac/8952ac4318043a6b6cb91878938b31fd.jpg","AeCXe5yOVRalFkqP1SSrG_mC8AJE6TbqcJsKj9fI3HIQzfqB4SDxEUE",1590,8
"https://www.pinterest.com/tbonfardine/health/",NA,342,"https://s-media-cache-ak0.pinimg.com/236x/cc/06/83/cc068348ed1e2a42c025f84a6c50bc4c.jpg","256494141250070827",1431,8
"https://www.pinterest.com/jennyd33914/health/","https://s-media-cache-ak0.pinimg.com/avatars/jennyd33914_1332693605_30.jpg",348,"https://s-media-cache-ak0.pinimg.com/236x/ef/cb/ff/efcbff3ed09dfe0f7aff93e04d0854d4.jpg","88031367689547260",1465,8
"https://www.pinterest.com/nocturnal10/health/","https://s-media-cache-ak0.pinimg.com/avatars/nocturnal10_1365653649_30.jpg",375,"https://s-media-cache-ak0.pinimg.com/236x/23/7e/35/237e3558399ac1ca8b2ce8b43ecead3a.jpg","9499849190555343",1589,8
"https://www.pinterest.com/hersheylol/health/","https://s-media-cache-ak0.pinimg.com/avatars/hersheylol_1337115139_30.jpg",355,"https://s-media-cache-ak0.pinimg.com/236x/3f/4f/0f/3f4f0ff6529cf03e8580ba232527364d.jpg","123497214755989001",1492,8
"https://www.pinterest.com/tcgurl87/health/","https://s-media-cache-ak0.pinimg.com/avatars/tcgurl87_1329784805_30.jpg",341,"https://s-media-cache-ak0.pinimg.com/236x/07/8e/f8/078ef8d0520453bf1ab66e665d6e7274.jpg","157555686939531256",1427,8
"https://www.pinterest.com/hjbtjb/health/","https://s-media-cache-ak0.pinimg.com/avatars/hjbtjb_1330902812_30.jpg",350,"https://s-media-cache-ak0.pinimg.com/236x/43/93/23/439323256070c9faf4670eeda1be38fd.jpg","213709944792933302",1473,8
"https://www.pinterest.com/rova61/health/",NA,370,"https://s-media-cache-ak0.pinimg.com/236x/92/67/71/92677105aef17046e7107fa8acfe73dd.jpg","477522366709509305",1569,8
"https://www.pinterest.com/htwilliams82/health/","https://s-media-cache-ak0.pinimg.com/avatars/htwilliams82_1334663455_30.jpg",344,"https://s-media-cache-ak0.pinimg.com/236x/e5/26/36/e526362a4ec1933ff816ba83e3a2d246.jpg","388928117789887327",1444,8
"https://www.pinterest.com/janissa11/health/","https://s-media-cache-ak0.pinimg.com/avatars/janissa11_1337064083_30.jpg",361,"https://s-media-cache-ak0.pinimg.com/236x/54/70/e0/5470e0c2a29081719b4fde8796a889d4.jpg","36169603229246117",1524,8
"https://www.pinterest.com/sheila5857/health/",NA,372,"https://s-media-cache-ak0.pinimg.com/236x/b6/1b/65/b61b65f818207dafa539b1c8d7834a11.jpg","170081323404660329",1577,8
